date,type,text
2026-10-09,quote,"The market pays you for patience and charges you for urgency."
2026-10-09,discipline,"Write your investment plan before the market tests it. Then follow the plan, not the headlines."
2026-10-10,theme1-story,"“Papa, when I grow up, I want to study abroad.”"
2026-10-11,theme1-story,"“Beta, a big goal needs a small start. Let us begin this month.”"
2026-10-12,theme1-story,“One SIP date. One small step every month. That is how it begins.”
2026-10-13,theme1-story,“Will it be enough?” “No one can promise that. We can only stay regular.”
2026-10-14,theme1-story,"“Why the same date every month, Papa?” “Because habit matters more than mood.”"
2026-10-15,theme1-story,"“In my time we saved in a steel almirah.” “Now we plan on purpose, Dada.”"
2026-10-16,theme1-story,"“Let us write our goals down: school fees, a family trip, an emergency fund.”"
2026-10-17,theme1-story,“The news says markets are down today.” “Our plan was made for days like this.”
2026-10-18,theme1-story,"“Can we skip this month?” “Let us read our plan first, not the headlines.”"
2026-10-19,theme1-story,“First an emergency fund. Then the long-term goals.”
2026-10-20,theme1-story,"“How long will it take?” “Long goals need patience, beta.”"
2026-10-21,theme1-story,"“Papa, I drew a jar for each of our goals.”"
2026-10-22,theme1-story,“Why not put everything in one place?” “We spread our money and know what we hold.”
2026-10-23,theme1-story,“We review the plan on set dates. Not every time the news changes.”
2026-10-24,theme1-story,"“Thank you for starting, Papa.” “Start. Stay. Review. That is the whole story.”"
2026-10-10,quote,"Discipline is what remains when the headlines get loud."
2026-10-10,discipline,"Fix your SIP date and amount in advance, so mood never decides for you."
